<?xml version="1.0" encoding="UTF-8" ?>
<!DOCTYPE mapper  PUBLIC "-//mybatis.org//DTD Mapper 3.0//EN"  "http://mybatis.org/dtd/mybatis-3-mapper.dtd">
<mapper namespace="org.example.mapper.UserMapper">

    <sql id="selectUserListSql">
        SELECT id, name, age, email, avatar FROM user
    </sql>
    <select id="getUserList" parameterType="org.example.dto.UserDataDTO" resultType="org.example.vo.UserDataVO">
        <include refid="selectUserListSql"/> WHERE 1=1
        <if test="req.name != null and req.name != ''">
            <bind name="nameLike" value="'%' + req.name + '%'" />
            AND name  LIKE #{nameLike}
        </if>
        <if test="req.age != 0">
            AND age LIKE CONCAT('%', #{req.age}, '%')
        </if>
        <if test="req.email != null and req.email != ''">
            AND email LIKE CONCAT('%', #{req.email}, '%')
        </if>
        <if test="req.avatar != null and req.avatar != ''">
            AND avatar = #{req.avatar}
        </if>
    </select>

    <insert id="insertUser" parameterType="org.example.entity.User">
        INSERT INTO user (name, age, email, avatar) VALUE (#{user.name}, #{user.age}, #{user.email}, #{user.avatar})
    </insert>

    <insert id="insertUsers" parameterType="org.example.entity.User">
        INSERT INTO user (name, age, email, avatar) VALUES
        <foreach collection="users" separator="," item="user">
            (#{user.name}, #{user.age}, #{user.email}, #{user.avatar})
        </foreach>
    </insert>

    <update id="updUser">
        UPDATE user
        <set>
            <if test="user.name != null and user.name != ''">name = #{user.name},</if>
            <if test="user.age != 0">name = #{user.age},</if>
            <if test="user.email != null">name = #{user.email},</if>
            <if test="user.avatar != null">name = #{user.avatar}</if>
        </set>
        WHERE id = #{user.id}
    </update>

    <delete id="delUser" parameterType="int">
        DELETE FROM user WHERE id = #{id}
    </delete>

    <resultMap type="org.example.vo.UserDataVO" id="UserResult">
        <result property="id" column="id"/>
        <result property="name" column="name"/>
        <result property="email" column="email"/>
        <result property="age" column="age"/>
        <result property="avatar" column="avatar"/>
    </resultMap>
    <select id="getUserDetail" parameterType="int" resultMap="UserResult">
        SELECT * FROM user WHERE id = #{id}
    </select>

</mapper>